week,cutoff,observed,last24,burst6,future_events,regime,regime_reasons,extreme_outlier_risk,extreme_outlier_reasons,actual,p10,p50,p90,mean,abs_error_p50,covered_p10_p90,actual_percentile,actual_bin,actual_bin_probability
2026-05-17,2026-05-18T09:00:00-04:00,41,34,34,7,high_tail,strong last-24h activity; large 6h burst; mechanical media/repost-heavy mix; broad early topic spark; forward election/primary calendar risk,elevated,broad early topic mix; media/repost mechanics already visible; forward election calendar,218,170,208,260,213.16,10,True,0.6178,200-220,0.2467
2026-05-17,2026-05-18T12:00:00-04:00,46,39,34,7,high_tail,strong last-24h activity; large 6h burst; mechanical media/repost-heavy mix; broad early topic spark; forward election/primary calendar risk,elevated,media/repost mechanics already visible; forward election calendar; already-high live pace,218,175,213,264,217.53,5,True,0.5633,200-220,0.261
2026-05-17,2026-05-18T15:00:00-04:00,81,72,40,7,high_tail,high observed count; strong last-24h activity; large 6h burst; endorsement-heavy mix; forward election/primary calendar risk,high,endorsement signal; media/repost mechanics already visible; forward election calendar; already-high live pace,218,189,231,289,237.87,13,True,0.3678,200-220,0.2052
2026-05-17,2026-05-18T18:00:00-04:00,90,49,46,7,high_tail,high observed count; strong last-24h activity; large 6h burst; endorsement-heavy mix; forward election/primary calendar risk,high,endorsement signal; media/repost mechanics already visible; forward election calendar; already-high live pace,218,186,217,276,226.54,1,True,0.5218,200-220,0.2765
2026-05-17,2026-05-19T09:00:00-04:00,103,62,49,7,high_tail,high observed count; strong last-24h activity; large 6h burst; mechanical media/repost-heavy mix; endorsement-heavy mix; forward election/primary calendar risk,high,endorsement signal; media/repost mechanics already visible; forward election calendar; already-high live pace,218,184,209,269,220.92,9,True,0.6172,200-220,0.2818
2026-05-17,2026-05-19T12:00:00-04:00,108,62,49,7,high_tail,high observed count; strong last-24h activity; large 6h burst; mechanical media/repost-heavy mix; endorsement-heavy mix; forward election/primary calendar risk,high,endorsement signal; media/repost mechanics already visible; forward election calendar; already-high live pace,218,188,213,270,223.41,5,True,0.5755,200-220,0.3252
2026-05-17,2026-05-19T15:00:00-04:00,109,28,49,7,high_tail,high observed count; strong last-24h activity; large 6h burst; mechanical media/repost-heavy mix; endorsement-heavy mix; forward election/primary calendar risk,high,endorsement signal; media/repost mechanics already visible; forward election calendar; already-high live pace,218,188,232,280,233.94,14,True,0.371,200-220,0.2015
2026-05-17,2026-05-19T18:00:00-04:00,112,22,49,7,high_tail,high observed count; large 6h burst; mechanical media/repost-heavy mix; endorsement-heavy mix; forward election/primary calendar risk,high,endorsement signal; media/repost mechanics already visible; forward election calendar; already-high live pace,218,189,229,278,233.0,11,True,0.374,200-220,0.219
2026-05-17,2026-05-20T09:00:00-04:00,150,47,49,1,high_tail,high observed count; strong last-24h activity; large 6h burst; mechanical media/repost-heavy mix; endorsement-heavy mix,elevated,endorsement signal; media/repost mechanics already visible; already-high live pace,218,201,231,283,238.84,13,True,0.2702,200-220,0.214
2026-05-17,2026-05-20T12:00:00-04:00,151,43,49,1,high_tail,high observed count; strong last-24h activity; large 6h burst; mechanical media/repost-heavy mix; endorsement-heavy mix,elevated,endorsement signal; media/repost mechanics already visible; already-high live pace,218,192,226,276,231.75,8,True,0.3945,200-220,0.2417
2026-05-17,2026-05-20T15:00:00-04:00,155,46,49,1,high_tail,high observed count; strong last-24h activity; large 6h burst; mechanical media/repost-heavy mix; endorsement-heavy mix,elevated,endorsement signal; media/repost mechanics already visible; already-high live pace,218,198,232,274,237.12,14,True,0.2697,200-220,0.1895
2026-05-17,2026-05-20T18:00:00-04:00,155,43,49,1,high_tail,high observed count; strong last-24h activity; large 6h burst; mechanical media/repost-heavy mix; endorsement-heavy mix,elevated,endorsement signal; media/repost mechanics already visible; already-high live pace,218,202,230,276,236.32,12,True,0.2665,200-220,0.2147
2026-05-17,2026-05-21T09:00:00-04:00,164,14,49,1,high_tail,high observed count; large 6h burst; mechanical media/repost-heavy mix; endorsement-heavy mix,elevated,endorsement signal; media/repost mechanics already visible; already-high live pace,218,207,233,261,236.89,15,True,0.228,200-220,0.2223
2026-05-17,2026-05-21T12:00:00-04:00,164,13,49,1,high_tail,high observed count; large 6h burst; mechanical media/repost-heavy mix; endorsement-heavy mix,elevated,endorsement signal; media/repost mechanics already visible; already-high live pace,218,203,222,262,228.16,4,True,0.3987,200-220,0.3812
2026-05-17,2026-05-21T15:00:00-04:00,166,11,49,1,high_tail,high observed count; large 6h burst; mechanical media/repost-heavy mix; endorsement-heavy mix,elevated,endorsement signal; media/repost mechanics already visible; already-high live pace,218,201,213,259,221.55,5,True,0.6665,200-220,0.6162
2026-05-17,2026-05-21T18:00:00-04:00,172,17,49,1,high_tail,high observed count; large 6h burst; mechanical media/repost-heavy mix; endorsement-heavy mix,elevated,endorsement signal; media/repost mechanics already visible; already-high live pace,218,207,219,263,227.37,1,True,0.4888,200-220,0.5212
2026-05-10,2026-05-11T09:00:00-04:00,49,40,30,10,high_tail,strong last-24h activity; large 6h burst; broad early topic spark; forward election/primary calendar risk,elevated,forward election calendar; already-high live pace,224,181,219,274,225.39,5,True,0.5687,>220,0.4793
2026-05-10,2026-05-11T12:00:00-04:00,49,40,30,10,high_tail,strong last-24h activity; large 6h burst; broad early topic spark; forward election/primary calendar risk,elevated,forward election calendar; already-high live pace,224,178,214,266,220.04,10,True,0.6272,>220,0.4193
2026-05-10,2026-05-11T15:00:00-04:00,49,35,30,10,high_tail,strong last-24h activity; large 6h burst; broad early topic spark; forward election/primary calendar risk,elevated,forward election calendar; already-high live pace,224,152,184,248,194.51,40,True,0.8377,>220,0.1777
2026-05-10,2026-05-11T18:00:00-04:00,52,32,30,10,high_tail,strong last-24h activity; large 6h burst; broad early topic spark; forward election/primary calendar risk,normal,forward election calendar,224,150,180,240,190.98,44,True,0.852,>220,0.1643
2026-05-10,2026-05-12T09:00:00-04:00,125,76,63,11,high_tail,high observed count; strong last-24h activity; large 6h burst; mechanical media/repost-heavy mix; forward election/primary calendar risk,elevated,media/repost mechanics already visible; forward election calendar; already-high live pace,224,219,246,303,256.42,22,True,0.1705,>220,0.8805
2026-05-10,2026-05-12T12:00:00-04:00,125,76,63,11,high_tail,high observed count; strong last-24h activity; large 6h burst; mechanical media/repost-heavy mix; forward election/primary calendar risk,elevated,media/repost mechanics already visible; forward election calendar; already-high live pace,224,216,243,298,251.02,19,True,0.2023,>220,0.8492
2026-05-10,2026-05-12T15:00:00-04:00,126,77,63,11,high_tail,high observed count; strong last-24h activity; large 6h burst; mechanical media/repost-heavy mix; forward election/primary calendar risk,elevated,media/repost mechanics already visible; forward election calendar; already-high live pace,224,215,242,296,250.22,18,True,0.2218,>220,0.8347
2026-05-10,2026-05-12T18:00:00-04:00,129,77,63,11,high_tail,high observed count; strong last-24h activity; large 6h burst; mechanical media/repost-heavy mix; forward election/primary calendar risk,elevated,media/repost mechanics already visible; forward election calendar; already-high live pace,224,210,239,293,247.17,15,True,0.2697,>220,0.7893
2026-05-10,2026-05-13T09:00:00-04:00,147,22,63,8,high_tail,high observed count; large 6h burst; mechanical media/repost-heavy mix; forward election/primary calendar risk,elevated,media/repost mechanics already visible; forward election calendar; already-high live pace,224,198,219,294,234.42,5,True,0.5743,>220,0.4805
2026-05-10,2026-05-13T12:00:00-04:00,147,22,63,8,high_tail,high observed count; large 6h burst; mechanical media/repost-heavy mix; forward election/primary calendar risk,elevated,media/repost mechanics already visible; forward election calendar; already-high live pace,224,197,216,285,230.27,8,True,0.6172,>220,0.4338
2026-05-10,2026-05-13T15:00:00-04:00,147,21,63,8,high_tail,high observed count; large 6h burst; mechanical media/repost-heavy mix; forward election/primary calendar risk,elevated,media/repost mechanics already visible; forward election calendar; already-high live pace,224,193,210,288,227.56,14,True,0.6505,>220,0.377
2026-05-10,2026-05-13T18:00:00-04:00,148,19,63,8,high_tail,high observed count; large 6h burst; mechanical media/repost-heavy mix; forward election/primary calendar risk,elevated,media/repost mechanics already visible; forward election calendar; already-high live pace,224,193,210,290,227.61,14,True,0.6675,>220,0.3608
2026-05-10,2026-05-14T09:00:00-04:00,150,3,63,8,high_tail,high observed count; weak last-24h activity; large 6h burst; mechanical media/repost-heavy mix; forward election/primary calendar risk,elevated,media/repost mechanics already visible; forward election calendar; already-high live pace,224,188,202,253,215.52,22,True,0.7552,>220,0.2745
2026-05-10,2026-05-14T12:00:00-04:00,150,3,63,8,high_tail,high observed count; weak last-24h activity; large 6h burst; mechanical media/repost-heavy mix; forward election/primary calendar risk,elevated,media/repost mechanics already visible; forward election calendar; already-high live pace,224,186,199,259,212.8,25,True,0.7665,>220,0.2492
2026-05-10,2026-05-14T15:00:00-04:00,150,3,63,8,high_tail,high observed count; weak last-24h activity; large 6h burst; mechanical media/repost-heavy mix; forward election/primary calendar risk,elevated,media/repost mechanics already visible; forward election calendar; already-high live pace,224,184,195,256,208.53,29,True,0.7943,>220,0.2142
2026-05-10,2026-05-14T18:00:00-04:00,151,3,63,8,high_tail,high observed count; weak last-24h activity; large 6h burst; mechanical media/repost-heavy mix; forward election/primary calendar risk,elevated,media/repost mechanics already visible; forward election calendar; already-high live pace,224,183,193,252,205.97,31,True,0.8147,>220,0.1985
2026-05-03,2026-05-04T09:00:00-04:00,16,16,11,6,normal,low observed count; broad early topic spark; forward election/primary calendar risk,elevated,broad early topic mix; forward election calendar,158,96,149,215,156.33,9,True,0.5775,140-159,0.186
2026-05-03,2026-05-04T12:00:00-04:00,18,15,11,6,normal,low observed count; broad early topic spark; forward election/primary calendar risk,elevated,broad early topic mix; media/repost mechanics already visible; forward election calendar,158,90,151,219,155.21,7,True,0.538,140-159,0.0983
2026-05-03,2026-05-04T15:00:00-04:00,36,33,20,6,high_tail,strong last-24h activity; large 6h burst; broad early topic spark; forward election/primary calendar risk,elevated,broad early topic mix; media/repost mechanics already visible; forward election calendar,158,108,183,244,183.49,25,True,0.2883,140-159,0.1108
2026-05-03,2026-05-04T18:00:00-04:00,44,40,28,6,high_tail,strong last-24h activity; large 6h burst; mechanical media/repost-heavy mix; broad early topic spark; forward election/primary calendar risk,high,broad early topic mix; media/repost mechanics already visible; forward election calendar; already-high live pace,158,157,198,252,202.1,40,True,0.111,140-159,0.0685
2026-05-03,2026-05-05T09:00:00-04:00,48,32,29,12,high_tail,strong last-24h activity; large 6h burst; mechanical media/repost-heavy mix; broad early topic spark; forward election/primary calendar risk,elevated,media/repost mechanics already visible; forward election calendar,158,142,182,236,187.69,24,True,0.231,140-159,0.1542
2026-05-03,2026-05-05T12:00:00-04:00,48,30,29,12,high_tail,strong last-24h activity; large 6h burst; mechanical media/repost-heavy mix; broad early topic spark; forward election/primary calendar risk,elevated,media/repost mechanics already visible; forward election calendar,158,136,177,228,179.74,19,True,0.2958,140-159,0.1812
2026-05-03,2026-05-05T15:00:00-04:00,49,13,29,12,high_tail,large 6h burst; mechanical media/repost-heavy mix; broad early topic spark; forward election/primary calendar risk,elevated,media/repost mechanics already visible; forward election calendar,158,111,166,223,169.62,8,True,0.4148,140-159,0.2065
2026-05-03,2026-05-05T18:00:00-04:00,65,21,29,12,high_tail,above-average observed count; large 6h burst; mechanical media/repost-heavy mix; endorsement-heavy mix; forward election/primary calendar risk,elevated,endorsement signal; media/repost mechanics already visible; forward election calendar,158,148,184,235,189.0,26,True,0.1837,140-159,0.14
2026-05-03,2026-05-06T09:00:00-04:00,98,50,43,10,high_tail,high observed count; strong last-24h activity; large 6h burst; mechanical media/repost-heavy mix; endorsement-heavy mix; forward election/primary calendar risk,high,endorsement signal; media/repost mechanics already visible; forward election calendar; already-high live pace,158,143,172,256,186.65,14,True,0.361,140-159,0.327
2026-05-03,2026-05-06T12:00:00-04:00,100,52,43,10,high_tail,high observed count; strong last-24h activity; large 6h burst; mechanical media/repost-heavy mix; endorsement-heavy mix; forward election/primary calendar risk,high,endorsement signal; media/repost mechanics already visible; forward election calendar; already-high live pace,158,145,171,243,184.34,13,True,0.3357,140-159,0.3215
2026-05-03,2026-05-06T15:00:00-04:00,102,53,43,10,high_tail,high observed count; strong last-24h activity; large 6h burst; mechanical media/repost-heavy mix; endorsement-heavy mix; forward election/primary calendar risk,high,endorsement signal; media/repost mechanics already visible; forward election calendar; already-high live pace,158,150,180,252,190.94,22,True,0.2235,140-159,0.2175
2026-05-03,2026-05-06T18:00:00-04:00,102,37,43,10,high_tail,high observed count; strong last-24h activity; large 6h burst; mechanical media/repost-heavy mix; endorsement-heavy mix; forward election/primary calendar risk,high,endorsement signal; media/repost mechanics already visible; forward election calendar; already-high live pace,158,146,174,253,188.05,16,True,0.297,140-159,0.2858
2026-05-03,2026-05-07T09:00:00-04:00,114,16,43,10,high_tail,high observed count; large 6h burst; mechanical media/repost-heavy mix; forward election/primary calendar risk,high,endorsement signal; media/repost mechanics already visible; forward election calendar; already-high live pace,158,152,174,225,184.94,16,True,0.2627,140-159,0.2812
2026-05-03,2026-05-07T12:00:00-04:00,117,17,43,10,high_tail,high observed count; large 6h burst; mechanical media/repost-heavy mix; endorsement-heavy mix; forward election/primary calendar risk,high,endorsement signal; media/repost mechanics already visible; forward election calendar; already-high live pace,158,155,180,235,188.53,22,True,0.1795,140-159,0.1905
2026-05-03,2026-05-07T15:00:00-04:00,118,16,43,10,high_tail,high observed count; large 6h burst; mechanical media/repost-heavy mix; endorsement-heavy mix; forward election/primary calendar risk,high,endorsement signal; media/repost mechanics already visible; forward election calendar; already-high live pace,158,154,173,225,184.19,15,True,0.2155,140-159,0.2372
2026-05-03,2026-05-07T18:00:00-04:00,121,19,43,10,high_tail,high observed count; large 6h burst; mechanical media/repost-heavy mix; endorsement-heavy mix; forward election/primary calendar risk,high,endorsement signal; media/repost mechanics already visible; forward election calendar; already-high live pace,158,156,177,229,186.69,19,True,0.1635,140-159,0.1732
2026-04-26,2026-04-27T09:00:00-04:00,12,6,5,2,fade_risk,low observed count; small 6h burst,normal,media/repost mechanics already visible,88,78,111,150,113.68,23,True,0.26,80-99,0.2557
2026-04-26,2026-04-27T12:00:00-04:00,12,6,5,2,fade_risk,low observed count; small 6h burst,normal,media/repost mechanics already visible,88,74,100,150,104.02,12,True,0.344,80-99,0.3043
2026-04-26,2026-04-27T15:00:00-04:00,14,8,5,2,fade_risk,low observed count; small 6h burst,elevated,broad early topic mix; media/repost mechanics already visible,88,75,98,150,106.46,10,True,0.3755,80-99,0.335
2026-04-26,2026-04-27T18:00:00-04:00,21,14,9,2,normal,low observed count; mechanical media/repost-heavy mix; broad early topic spark,elevated,broad early topic mix; media/repost mechanics already visible,88,87,115,197,134.22,27,True,0.1133,80-99,0.191
2026-04-26,2026-04-28T09:00:00-04:00,28,16,10,5,normal,low observed count; mechanical media/repost-heavy mix; broad early topic spark; forward election/primary calendar risk,elevated,broad early topic mix; media/repost mechanics already visible; forward election calendar,88,84,129,193,137.68,41,True,0.1437,80-99,0.1532
2026-04-26,2026-04-28T12:00:00-04:00,30,18,10,5,normal,low observed count; mechanical media/repost-heavy mix; broad early topic spark; forward election/primary calendar risk,elevated,broad early topic mix; media/repost mechanics already visible; forward election calendar,88,86,132,180,135.07,44,True,0.1155,80-99,0.1227
2026-04-26,2026-04-28T15:00:00-04:00,32,18,10,5,normal,low observed count; mechanical media/repost-heavy mix; broad early topic spark; forward election/primary calendar risk,elevated,broad early topic mix; media/repost mechanics already visible; forward election calendar,88,89,134,179,135.89,46,False,0.0995,80-99,0.1235
2026-04-26,2026-04-28T18:00:00-04:00,32,11,10,5,normal,low observed count; mechanical media/repost-heavy mix; broad early topic spark; forward election/primary calendar risk,elevated,broad early topic mix; media/repost mechanics already visible; forward election calendar,88,89,133,185,136.32,45,False,0.0927,80-99,0.1295
2026-04-26,2026-04-29T09:00:00-04:00,33,5,10,5,normal,low observed count; mechanical media/repost-heavy mix; broad early topic spark; forward election/primary calendar risk,elevated,broad early topic mix; media/repost mechanics already visible; forward election calendar,88,103,136,172,139.29,48,False,0.0628,80-99,0.0437
2026-04-26,2026-04-29T12:00:00-04:00,33,3,10,5,normal,low observed count; weak last-24h activity; mechanical media/repost-heavy mix; broad early topic spark; forward election/primary calendar risk,elevated,broad early topic mix; media/repost mechanics already visible; forward election calendar,88,114,137,174,140.53,49,False,0.0585,80-99,0.0147
2026-04-26,2026-04-29T15:00:00-04:00,33,1,10,5,normal,low observed count; weak last-24h activity; mechanical media/repost-heavy mix; broad early topic spark; forward election/primary calendar risk,elevated,broad early topic mix; media/repost mechanics already visible; forward election calendar,88,100,129,167,132.25,41,False,0.089,80-99,0.0208
2026-04-26,2026-04-29T18:00:00-04:00,36,4,10,5,normal,weak last-24h activity; broad early topic spark; forward election/primary calendar risk,elevated,broad early topic mix; media/repost mechanics already visible; forward election calendar,88,91,131,166,132.7,43,False,0.0965,80-99,0.0405
2026-04-26,2026-04-30T09:00:00-04:00,42,9,10,5,normal,broad early topic spark; forward election/primary calendar risk,elevated,broad early topic mix; media/repost mechanics already visible; forward election calendar,88,77,130,154,128.63,42,True,0.1378,80-99,0.0615
2026-04-26,2026-04-30T12:00:00-04:00,46,13,10,5,normal,broad early topic spark; forward election/primary calendar risk,normal,forward election calendar,88,89,134,154,130.08,46,False,0.0983,80-99,0.0688
2026-04-26,2026-04-30T15:00:00-04:00,55,22,13,5,normal,above-average observed count; forward election/primary calendar risk,normal,forward election calendar,88,75,137,159,126.99,49,True,0.205,80-99,0.0597
2026-04-26,2026-04-30T18:00:00-04:00,55,19,13,5,normal,above-average observed count; forward election/primary calendar risk,normal,forward election calendar,88,71,137,159,128.45,49,True,0.1497,80-99,0.0872
2026-04-19,2026-04-20T09:00:00-04:00,47,14,32,0,normal,large 6h burst; mechanical media/repost-heavy mix; broad early topic spark,normal,media/repost mechanics already visible,169,94,131,223,148.04,38,True,0.6873,160-179,0.0473
2026-04-19,2026-04-20T12:00:00-04:00,48,14,32,0,normal,large 6h burst; mechanical media/repost-heavy mix; broad early topic spark,normal,media/repost mechanics already visible,169,102,120,212,141.86,49,True,0.7222,160-179,0.041
2026-04-19,2026-04-20T15:00:00-04:00,52,13,32,0,normal,large 6h burst; mechanical media/repost-heavy mix; broad early topic spark,normal,media/repost mechanics already visible,169,107,133,227,158.48,36,True,0.5942,160-179,0.042
2026-04-19,2026-04-20T18:00:00-04:00,59,16,32,0,high_tail,above-average observed count; large 6h burst; mechanical media/repost-heavy mix,normal,media/repost mechanics already visible,169,114,187,249,182.46,18,True,0.4183,160-179,0.061
2026-04-19,2026-04-21T09:00:00-04:00,68,21,32,2,high_tail,above-average observed count; large 6h burst; mechanical media/repost-heavy mix,normal,media/repost mechanics already visible,169,131,201,259,199.84,32,True,0.278,160-179,0.0998
2026-04-19,2026-04-21T12:00:00-04:00,70,22,32,2,high_tail,above-average observed count; large 6h burst; mechanical media/repost-heavy mix,normal,media/repost mechanics already visible,169,126,209,291,210.64,40,True,0.2465,160-179,0.089
2026-04-19,2026-04-21T15:00:00-04:00,73,21,32,2,high_tail,above-average observed count; large 6h burst; mechanical media/repost-heavy mix,normal,media/repost mechanics already visible,169,131,210,295,213.2,41,True,0.2268,160-179,0.0885
2026-04-19,2026-04-21T18:00:00-04:00,74,15,32,2,high_tail,above-average observed count; large 6h burst; mechanical media/repost-heavy mix,normal,media/repost mechanics already visible,169,119,201,284,201.1,32,True,0.3085,160-179,0.087
2026-04-19,2026-04-22T09:00:00-04:00,97,29,32,2,high_tail,high observed count; strong last-24h activity; large 6h burst; mechanical media/repost-heavy mix,elevated,media/repost mechanics already visible; already-high live pace,169,140,189,322,215.29,20,True,0.41,160-179,0.111
2026-04-19,2026-04-22T12:00:00-04:00,102,32,32,2,high_tail,high observed count; strong last-24h activity; large 6h burst; mechanical media/repost-heavy mix,elevated,media/repost mechanics already visible; already-high live pace,169,133,158,284,182.47,11,True,0.605,160-179,0.1345
2026-04-19,2026-04-22T15:00:00-04:00,109,36,32,2,high_tail,high observed count; strong last-24h activity; large 6h burst; mechanical media/repost-heavy mix,elevated,media/repost mechanics already visible; already-high live pace,169,137,161,278,183.76,8,True,0.589,160-179,0.169
2026-04-19,2026-04-22T18:00:00-04:00,111,37,32,2,high_tail,high observed count; strong last-24h activity; large 6h burst; mechanical media/repost-heavy mix,elevated,media/repost mechanics already visible; already-high live pace,169,138,165,299,189.95,4,True,0.5292,160-179,0.143
2026-04-19,2026-04-23T09:00:00-04:00,122,25,32,2,high_tail,high observed count; strong last-24h activity; large 6h burst; mechanical media/repost-heavy mix,elevated,media/repost mechanics already visible; already-high live pace,169,138,181,292,197.64,12,True,0.4055,160-179,0.2055
2026-04-19,2026-04-23T12:00:00-04:00,125,23,32,2,high_tail,high observed count; large 6h burst; mechanical media/repost-heavy mix,elevated,media/repost mechanics already visible; already-high live pace,169,136,184,299,201.79,15,True,0.3715,160-179,0.1615
2026-04-19,2026-04-23T15:00:00-04:00,129,20,32,2,high_tail,high observed count; large 6h burst; mechanical media/repost-heavy mix,elevated,media/repost mechanics already visible; already-high live pace,169,140,168,263,181.78,1,True,0.5195,160-179,0.2225
2026-04-19,2026-04-23T18:00:00-04:00,131,20,32,2,high_tail,high observed count; large 6h burst; mechanical media/repost-heavy mix,elevated,media/repost mechanics already visible; already-high live pace,169,141,171,234,177.64,2,True,0.4818,160-179,0.2345
2026-04-12,2026-04-13T09:00:00-04:00,28,22,16,1,normal,low observed count; broad early topic spark; forward election/primary calendar risk,elevated,broad early topic mix; media/repost mechanics already visible; forward election calendar,174,81,105,219,131.14,69,True,0.7685,160-179,0.0305
2026-04-12,2026-04-13T12:00:00-04:00,29,21,16,1,normal,low observed count; broad early topic spark; forward election/primary calendar risk,elevated,broad early topic mix; media/repost mechanics already visible; forward election calendar,174,83,98,206,124.88,76,True,0.8213,160-179,0.037
2026-04-12,2026-04-13T15:00:00-04:00,31,22,16,1,normal,low observed count; broad early topic spark; forward election/primary calendar risk,elevated,broad early topic mix; media/repost mechanics already visible; forward election calendar,174,85,101,205,127.24,73,True,0.805,160-179,0.0505
2026-04-12,2026-04-13T18:00:00-04:00,34,25,16,1,high_tail,low observed count; strong last-24h activity; broad early topic spark; forward election/primary calendar risk,elevated,broad early topic mix; forward election calendar,174,88,127,239,149.69,47,True,0.685,160-179,0.0985
2026-04-12,2026-04-14T09:00:00-04:00,43,15,16,1,normal,broad early topic spark; forward election/primary calendar risk,elevated,broad early topic mix; forward election calendar,174,85,124,296,162.08,50,True,0.6478,160-179,0.0325
2026-04-12,2026-04-14T12:00:00-04:00,45,16,16,1,normal,broad early topic spark; forward election/primary calendar risk,normal,forward election calendar,174,79,103,189,117.93,71,True,0.8668,160-179,0.0357
2026-04-12,2026-04-14T15:00:00-04:00,51,20,16,1,normal,broad early topic spark; forward election/primary calendar risk,elevated,endorsement signal; forward election calendar,174,87,116,203,130.86,58,True,0.805,160-179,0.035
2026-04-12,2026-04-14T18:00:00-04:00,56,22,16,1,high_tail,above-average observed count; endorsement-heavy mix; forward election/primary calendar risk,elevated,endorsement signal; forward election calendar,174,93,116,218,141.33,58,True,0.739,160-179,0.0783
2026-04-12,2026-04-15T09:00:00-04:00,73,30,16,1,high_tail,above-average observed count; strong last-24h activity; endorsement-heavy mix; forward election/primary calendar risk,elevated,endorsement signal; forward election calendar,174,105,123,244,148.87,51,True,0.777,160-179,0.048
2026-04-12,2026-04-15T12:00:00-04:00,74,29,16,1,high_tail,above-average observed count; strong last-24h activity; forward election/primary calendar risk,elevated,endorsement signal; forward election calendar,174,101,117,218,139.67,57,True,0.8145,160-179,0.0467
2026-04-12,2026-04-15T15:00:00-04:00,75,24,16,1,normal,above-average observed count; forward election/primary calendar risk,elevated,endorsement signal; forward election calendar,174,100,114,227,136.81,60,True,0.8045,160-179,0.0187
2026-04-12,2026-04-15T18:00:00-04:00,76,20,16,1,normal,above-average observed count; forward election/primary calendar risk,elevated,endorsement signal; forward election calendar,174,101,114,231,137.7,60,True,0.8043,160-179,0.019
2026-04-12,2026-04-16T09:00:00-04:00,78,5,16,1,normal,above-average observed count; forward election/primary calendar risk,elevated,endorsement signal; forward election calendar,174,94,111,151,122.22,63,False,0.9213,160-179,0.0175
2026-04-12,2026-04-16T12:00:00-04:00,80,6,16,1,high_tail,high observed count; forward election/primary calendar risk,elevated,endorsement signal; forward election calendar; already-high live pace,174,94,117,169,124.4,57,False,0.9113,160-179,0.044
2026-04-12,2026-04-16T15:00:00-04:00,81,6,16,1,high_tail,high observed count; forward election/primary calendar risk,elevated,endorsement signal; forward election calendar; already-high live pace,174,95,118,167,123.31,56,False,0.9167,160-179,0.0485
2026-04-12,2026-04-16T18:00:00-04:00,99,23,20,1,high_tail,high observed count; large 6h burst; forward election/primary calendar risk,elevated,endorsement signal; forward election calendar; already-high live pace,174,109,116,205,140.12,58,True,0.7943,160-179,0.0473
2026-04-05,2026-04-06T09:00:00-04:00,18,15,7,3,normal,low observed count; small 6h burst; mechanical media/repost-heavy mix; broad early topic spark; forward election/primary calendar risk,elevated,broad early topic mix; media/repost mechanics already visible; forward election calendar,122,87,171,289,175.38,49,True,0.2657,120-139,0.0628
2026-04-05,2026-04-06T12:00:00-04:00,18,15,7,3,normal,low observed count; small 6h burst; mechanical media/repost-heavy mix; broad early topic spark; forward election/primary calendar risk,elevated,broad early topic mix; media/repost mechanics already visible; forward election calendar,122,89,171,278,175.09,49,True,0.219,120-139,0.0362
2026-04-05,2026-04-06T15:00:00-04:00,18,14,7,3,normal,low observed count; small 6h burst; mechanical media/repost-heavy mix; broad early topic spark; forward election/primary calendar risk,elevated,broad early topic mix; media/repost mechanics already visible; forward election calendar,122,90,165,280,170.53,43,True,0.261,120-139,0.0495
2026-04-05,2026-04-06T18:00:00-04:00,24,14,7,3,normal,low observed count; small 6h burst; mechanical media/repost-heavy mix; broad early topic spark; forward election/primary calendar risk,elevated,broad early topic mix; media/repost mechanics already visible; forward election calendar,122,90,172,295,182.13,50,True,0.2345,120-139,0.045
2026-04-05,2026-04-07T09:00:00-04:00,33,15,8,3,normal,low observed count; small 6h burst; mechanical media/repost-heavy mix; broad early topic spark; forward election/primary calendar risk,elevated,broad early topic mix; media/repost mechanics already visible; forward election calendar,122,88,157,239,154.94,35,True,0.3613,120-139,0.048
2026-04-05,2026-04-07T12:00:00-04:00,34,16,8,3,normal,low observed count; small 6h burst; mechanical media/repost-heavy mix; broad early topic spark; forward election/primary calendar risk,elevated,broad early topic mix; media/repost mechanics already visible; forward election calendar,122,82,144,195,139.16,22,True,0.4223,120-139,0.067
2026-04-05,2026-04-07T15:00:00-04:00,34,16,8,3,normal,low observed count; small 6h burst; mechanical media/repost-heavy mix; broad early topic spark; forward election/primary calendar risk,elevated,broad early topic mix; media/repost mechanics already visible; forward election calendar,122,82,141,192,137.55,19,True,0.4365,120-139,0.0668
2026-04-05,2026-04-07T18:00:00-04:00,64,40,30,3,high_tail,above-average observed count; strong last-24h activity; large 6h burst; endorsement-heavy mix; forward election/primary calendar risk,elevated,endorsement signal; forward election calendar; already-high live pace,122,104,184,303,194.61,62,True,0.3103,120-139,0.0312
2026-04-05,2026-04-08T09:00:00-04:00,73,40,33,1,high_tail,above-average observed count; strong last-24h activity; large 6h burst; endorsement-heavy mix; forward election/primary calendar risk,elevated,endorsement signal; forward election calendar; already-high live pace,122,143,253,316,237.24,131,False,0.0558,120-139,0.0357
2026-04-05,2026-04-08T12:00:00-04:00,74,40,33,1,high_tail,above-average observed count; strong last-24h activity; large 6h burst; endorsement-heavy mix; forward election/primary calendar risk,elevated,endorsement signal; forward election calendar; already-high live pace,122,102,133,248,152.68,11,True,0.469,120-139,0.0668
2026-04-05,2026-04-08T15:00:00-04:00,76,42,33,1,high_tail,above-average observed count; strong last-24h activity; large 6h burst; endorsement-heavy mix; forward election/primary calendar risk,elevated,endorsement signal; forward election calendar; already-high live pace,122,102,116,255,151.08,6,True,0.5285,120-139,0.054
2026-04-05,2026-04-08T18:00:00-04:00,76,12,33,1,high_tail,above-average observed count; large 6h burst; endorsement-heavy mix; forward election/primary calendar risk,elevated,endorsement signal; forward election calendar,122,111,236,312,223.07,114,True,0.1235,120-139,0.0372
2026-04-05,2026-04-09T09:00:00-04:00,80,7,33,1,high_tail,high observed count; large 6h burst; endorsement-heavy mix; forward election/primary calendar risk,elevated,endorsement signal; forward election calendar; already-high live pace,122,110,175,298,192.1,53,True,0.1542,120-139,0.113
2026-04-05,2026-04-09T12:00:00-04:00,81,7,33,1,high_tail,high observed count; large 6h burst; endorsement-heavy mix; forward election/primary calendar risk,elevated,endorsement signal; forward election calendar; already-high live pace,122,93,161,197,152.12,39,True,0.2825,120-139,0.0958
2026-04-05,2026-04-09T15:00:00-04:00,81,5,33,1,high_tail,high observed count; large 6h burst; endorsement-heavy mix; forward election/primary calendar risk,elevated,endorsement signal; forward election calendar; already-high live pace,122,93,159,192,148.72,37,True,0.3038,120-139,0.1115
2026-04-05,2026-04-09T18:00:00-04:00,85,9,33,1,high_tail,high observed count; large 6h burst; endorsement-heavy mix; forward election/primary calendar risk,elevated,endorsement signal; forward election calendar; already-high live pace,122,95,118,180,129.33,4,True,0.5255,120-139,0.1462
2026-03-29,2026-03-30T09:00:00-04:00,31,23,18,3,normal,low observed count; mechanical media/repost-heavy mix; broad early topic spark; forward election/primary calendar risk,elevated,broad early topic mix; media/repost mechanics already visible; forward election calendar,95,124,180,226,181.58,85,False,0.032,80-99,0.016
2026-03-29,2026-03-30T12:00:00-04:00,32,22,18,3,normal,low observed count; mechanical media/repost-heavy mix; broad early topic spark; forward election/primary calendar risk,elevated,broad early topic mix; media/repost mechanics already visible; forward election calendar,95,103,173,218,171.38,78,False,0.05,80-99,0.0695
2026-03-29,2026-03-30T15:00:00-04:00,33,23,18,3,normal,low observed count; mechanical media/repost-heavy mix; broad early topic spark; forward election/primary calendar risk,elevated,broad early topic mix; media/repost mechanics already visible; forward election calendar,95,105,173,214,170.81,78,False,0.043,80-99,0.056
2026-03-29,2026-03-30T18:00:00-04:00,33,23,18,3,normal,low observed count; mechanical media/repost-heavy mix; broad early topic spark; forward election/primary calendar risk,elevated,broad early topic mix; media/repost mechanics already visible; forward election calendar,95,103,168,218,168.63,73,False,0.0515,80-99,0.058
2026-03-29,2026-03-31T09:00:00-04:00,37,6,18,3,normal,mechanical media/repost-heavy mix; broad early topic spark; forward election/primary calendar risk,elevated,broad early topic mix; media/repost mechanics already visible; forward election calendar,95,89,144,219,150.66,49,True,0.1395,80-99,0.106
2026-03-29,2026-03-31T12:00:00-04:00,45,13,18,3,normal,mechanical media/repost-heavy mix; broad early topic spark; forward election/primary calendar risk,elevated,media/repost mechanics already visible; forward election calendar,95,98,147,197,146.04,52,False,0.0805,80-99,0.0658
2026-03-29,2026-03-31T15:00:00-04:00,45,12,18,3,normal,mechanical media/repost-heavy mix; broad early topic spark; forward election/primary calendar risk,elevated,media/repost mechanics already visible; forward election calendar,95,95,123,194,136.58,28,True,0.1045,80-99,0.0877
2026-03-29,2026-03-31T18:00:00-04:00,49,16,18,3,normal,mechanical media/repost-heavy mix; broad early topic spark; forward election/primary calendar risk,elevated,media/repost mechanics already visible; forward election calendar,95,86,148,202,143.62,53,True,0.231,80-99,0.2382
2026-03-29,2026-04-01T09:00:00-04:00,52,15,18,2,normal,mechanical media/repost-heavy mix; broad early topic spark; forward election/primary calendar risk,elevated,media/repost mechanics already visible; forward election calendar,95,75,109,197,123.99,14,True,0.3937,80-99,0.2357
2026-03-29,2026-04-01T12:00:00-04:00,53,8,18,2,normal,mechanical media/repost-heavy mix; broad early topic spark; forward election/primary calendar risk,elevated,media/repost mechanics already visible; forward election calendar,95,75,135,222,140.22,40,True,0.4168,80-99,0.1948
2026-03-29,2026-04-01T15:00:00-04:00,56,11,18,2,normal,above-average observed count; forward election/primary calendar risk,elevated,media/repost mechanics already visible; forward election calendar,95,79,148,220,145.02,53,True,0.3372,80-99,0.2392
2026-03-29,2026-04-01T18:00:00-04:00,56,7,18,2,normal,above-average observed count; forward election/primary calendar risk,elevated,media/repost mechanics already visible; forward election calendar,95,78,136,214,138.22,41,True,0.3718,80-99,0.2445
2026-03-29,2026-04-02T09:00:00-04:00,67,15,18,3,normal,above-average observed count; forward election/primary calendar risk,elevated,media/repost mechanics already visible; forward election calendar,95,81,141,187,139.38,46,True,0.2512,80-99,0.2402
2026-03-29,2026-04-02T12:00:00-04:00,68,15,18,3,normal,above-average observed count; forward election/primary calendar risk,elevated,media/repost mechanics already visible; forward election calendar,95,81,111,172,122.14,16,True,0.4535,80-99,0.415
2026-03-29,2026-04-02T15:00:00-04:00,72,16,18,3,normal,above-average observed count; forward election/primary calendar risk,elevated,media/repost mechanics already visible; forward election calendar,95,84,100,175,123.09,5,True,0.4833,80-99,0.5
2026-03-29,2026-04-02T18:00:00-04:00,72,16,18,3,normal,above-average observed count; forward election/primary calendar risk,elevated,media/repost mechanics already visible; forward election calendar,95,83,88,160,110.53,7,True,0.5833,80-99,0.584
2026-03-22,2026-03-23T09:00:00-04:00,22,12,16,1,normal,low observed count; broad early topic spark,normal,broad early topic mix,107,67,116,240,133.53,9,True,0.4265,100-119,0.156
2026-03-22,2026-03-23T12:00:00-04:00,39,22,20,1,normal,large 6h burst; mechanical media/repost-heavy mix; broad early topic spark,elevated,broad early topic mix; media/repost mechanics already visible,107,93,171,216,161.36,64,True,0.241,100-119,0.132
2026-03-22,2026-03-23T15:00:00-04:00,39,22,20,1,normal,large 6h burst; mechanical media/repost-heavy mix; broad early topic spark,elevated,broad early topic mix; media/repost mechanics already visible,107,94,174,216,164.37,67,True,0.2065,100-119,0.1123
2026-03-22,2026-03-23T18:00:00-04:00,39,22,20,1,normal,large 6h burst; mechanical media/repost-heavy mix; broad early topic spark,elevated,broad early topic mix; media/repost mechanics already visible,107,89,168,217,160.02,61,True,0.2455,100-119,0.121
2026-03-22,2026-03-24T09:00:00-04:00,43,21,20,3,high_tail,large 6h burst; mechanical media/repost-heavy mix; broad early topic spark; forward election/primary calendar risk,elevated,broad early topic mix; media/repost mechanics already visible; forward election calendar,107,100,168,282,177.85,61,True,0.1415,100-119,0.1108
2026-03-22,2026-03-24T12:00:00-04:00,44,5,20,3,high_tail,large 6h burst; mechanical media/repost-heavy mix; broad early topic spark; forward election/primary calendar risk,elevated,broad early topic mix; media/repost mechanics already visible; forward election calendar,107,86,139,209,143.18,32,True,0.3693,100-119,0.1158
2026-03-22,2026-03-24T15:00:00-04:00,44,5,20,3,high_tail,large 6h burst; mechanical media/repost-heavy mix; broad early topic spark; forward election/primary calendar risk,elevated,broad early topic mix; media/repost mechanics already visible; forward election calendar,107,85,125,204,136.5,18,True,0.4275,100-119,0.126
2026-03-22,2026-03-24T18:00:00-04:00,63,24,20,3,high_tail,above-average observed count; large 6h burst; endorsement-heavy mix; forward election/primary calendar risk,elevated,endorsement signal; forward election calendar,107,106,168,223,165.77,61,True,0.1225,100-119,0.2107
2026-03-22,2026-03-25T09:00:00-04:00,70,27,20,3,high_tail,above-average observed count; strong last-24h activity; large 6h burst; endorsement-heavy mix; forward election/primary calendar risk,elevated,endorsement signal; forward election calendar,107,112,165,224,167.43,58,False,0.054,100-119,0.147
2026-03-22,2026-03-25T12:00:00-04:00,75,31,20,3,high_tail,above-average observed count; strong last-24h activity; large 6h burst; endorsement-heavy mix; forward election/primary calendar risk,elevated,endorsement signal; forward election calendar,107,122,169,218,171.56,62,False,0.0182,100-119,0.0785
2026-03-22,2026-03-25T15:00:00-04:00,79,35,20,3,high_tail,above-average observed count; strong last-24h activity; large 6h burst; endorsement-heavy mix; forward election/primary calendar risk,elevated,endorsement signal; forward election calendar; already-high live pace,107,117,166,224,168.45,59,False,0.0208,100-119,0.1268
2026-03-22,2026-03-25T18:00:00-04:00,79,16,20,3,high_tail,above-average observed count; large 6h burst; endorsement-heavy mix; forward election/primary calendar risk,elevated,endorsement signal; forward election calendar,107,118,170,262,178.04,63,False,0.023,100-119,0.1103
2026-03-22,2026-03-26T09:00:00-04:00,94,24,20,3,high_tail,high observed count; large 6h burst; endorsement-heavy mix; forward election/primary calendar risk,elevated,endorsement signal; forward election calendar; already-high live pace,107,121,178,225,175.98,71,False,0.002,100-119,0.0777
2026-03-22,2026-03-26T12:00:00-04:00,94,19,20,3,high_tail,high observed count; large 6h burst; endorsement-heavy mix; forward election/primary calendar risk,elevated,endorsement signal; forward election calendar; already-high live pace,107,113,160,215,162.54,53,False,0.0525,100-119,0.1945
2026-03-22,2026-03-26T15:00:00-04:00,94,15,20,3,high_tail,high observed count; large 6h burst; endorsement-heavy mix; forward election/primary calendar risk,elevated,endorsement signal; forward election calendar; already-high live pace,107,112,142,205,153.85,35,False,0.0355,100-119,0.2988
2026-03-22,2026-03-26T18:00:00-04:00,95,16,20,3,high_tail,high observed count; large 6h burst; endorsement-heavy mix; forward election/primary calendar risk,elevated,endorsement signal; forward election calendar; already-high live pace,107,116,162,195,159.13,55,False,0.0297,100-119,0.146
2026-03-15,2026-03-16T09:00:00-04:00,8,8,5,1,fade_risk,low observed count; small 6h burst; mechanical media/repost-heavy mix,normal,media/repost mechanics already visible,79,76,100,150,109.99,21,True,0.1517,<80,0.1517
2026-03-15,2026-03-16T12:00:00-04:00,11,11,6,1,fade_risk,low observed count; small 6h burst; broad early topic spark,elevated,broad early topic mix; media/repost mechanics already visible,79,81,105,150,112.83,26,False,0.0877,<80,0.0877
2026-03-15,2026-03-16T15:00:00-04:00,11,11,6,1,fade_risk,low observed count; small 6h burst; broad early topic spark,elevated,broad early topic mix; media/repost mechanics already visible,79,78,104,150,111.35,25,True,0.1245,<80,0.1245
2026-03-15,2026-03-16T18:00:00-04:00,11,11,6,1,fade_risk,low observed count; small 6h burst; broad early topic spark,elevated,broad early topic mix; media/repost mechanics already visible,79,73,109,150,114.06,30,True,0.168,<80,0.168
2026-03-15,2026-03-17T09:00:00-04:00,23,15,10,2,normal,low observed count; broad early topic spark,normal,broad early topic mix,79,75,127,196,137.13,48,True,0.1185,<80,0.1185
2026-03-15,2026-03-17T12:00:00-04:00,24,13,10,2,normal,low observed count; broad early topic spark,normal,broad early topic mix,79,61,121,181,125.66,42,True,0.171,<80,0.171
2026-03-15,2026-03-17T15:00:00-04:00,24,13,10,2,normal,low observed count; broad early topic spark,normal,broad early topic mix,79,59,112,177,120.28,33,True,0.2005,<80,0.2005
2026-03-15,2026-03-17T18:00:00-04:00,24,13,10,2,normal,low observed count; broad early topic spark,normal,broad early topic mix,79,57,102,174,113.08,23,True,0.2198,<80,0.2198
2026-03-15,2026-03-18T09:00:00-04:00,41,18,15,1,normal,broad early topic spark,normal,broad early topic mix,79,63,98,130,98.09,19,True,0.2572,<80,0.2572
2026-03-15,2026-03-18T12:00:00-04:00,41,17,15,1,normal,broad early topic spark,normal,broad early topic mix,79,62,86,160,94.61,7,True,0.4363,<80,0.4363
2026-03-15,2026-03-18T15:00:00-04:00,41,17,15,1,normal,broad early topic spark,normal,broad early topic mix,79,62,82,150,91.8,3,True,0.4788,<80,0.4788
2026-03-15,2026-03-18T18:00:00-04:00,41,17,15,1,normal,broad early topic spark,normal,broad early topic mix,79,62,88,149,93.68,9,True,0.3987,<80,0.3987
2026-03-15,2026-03-19T09:00:00-04:00,48,7,15,1,normal,broad early topic spark,normal,,79,63,68,136,85.31,11,True,0.5653,<80,0.5653
2026-03-15,2026-03-19T12:00:00-04:00,59,18,15,1,normal,above-average observed count,normal,,79,74,100,145,100.47,21,True,0.3025,<80,0.3025
2026-03-15,2026-03-19T15:00:00-04:00,59,18,15,1,normal,above-average observed count,normal,,79,74,98,143,98.76,19,True,0.342,<80,0.342
2026-03-15,2026-03-19T18:00:00-04:00,64,23,15,1,normal,above-average observed count,normal,,79,78,102,136,101.94,23,True,0.207,<80,0.207
2026-03-08,2026-03-09T09:00:00-04:00,5,2,2,3,fade_risk,low observed count; weak last-24h activity; small 6h burst; forward election/primary calendar risk,normal,forward election calendar,103,73,91,150,107.4,12,True,0.5735,100-119,0.0493
2026-03-08,2026-03-09T12:00:00-04:00,13,10,8,3,fade_risk,low observed count; small 6h burst; forward election/primary calendar risk,normal,forward election calendar,103,79,105,150,113.1,2,True,0.49,100-119,0.1375
2026-03-08,2026-03-09T15:00:00-04:00,17,14,12,3,normal,low observed count; forward election/primary calendar risk,elevated,broad early topic mix; forward election calendar,103,84,146,231,151.02,43,True,0.2532,100-119,0.1255
2026-03-08,2026-03-09T18:00:00-04:00,17,14,12,3,normal,low observed count; forward election/primary calendar risk,elevated,broad early topic mix; forward election calendar,103,77,126,227,139.91,23,True,0.4052,100-119,0.091
2026-03-08,2026-03-10T09:00:00-04:00,20,15,12,3,normal,low observed count; broad early topic spark; forward election/primary calendar risk,elevated,broad early topic mix; forward election calendar,103,71,126,197,131.39,23,True,0.4255,100-119,0.0648
2026-03-08,2026-03-10T12:00:00-04:00,20,7,12,3,normal,low observed count; broad early topic spark; forward election/primary calendar risk,elevated,broad early topic mix; forward election calendar,103,70,116,180,120.71,13,True,0.4527,100-119,0.0685
2026-03-08,2026-03-10T15:00:00-04:00,21,4,12,3,fade_risk,low observed count; weak last-24h activity; broad early topic spark; forward election/primary calendar risk,elevated,broad early topic mix; forward election calendar,103,70,89,150,106.35,14,True,0.5585,100-119,0.055
2026-03-08,2026-03-10T18:00:00-04:00,27,10,12,3,normal,low observed count; broad early topic spark; forward election/primary calendar risk,elevated,broad early topic mix; forward election calendar,103,73,116,183,123.35,13,True,0.4795,100-119,0.0415
2026-03-08,2026-03-11T09:00:00-04:00,42,22,14,1,normal,broad early topic spark,normal,broad early topic mix,103,69,82,163,96.99,21,True,0.765,100-119,0.079
2026-03-08,2026-03-11T12:00:00-04:00,48,28,14,1,normal,strong last-24h activity; broad early topic spark,normal,,103,72,87,170,106.19,16,True,0.7103,100-119,0.0123
2026-03-08,2026-03-11T15:00:00-04:00,50,29,14,1,normal,strong last-24h activity; broad early topic spark,normal,,103,74,90,178,111.86,13,True,0.6713,100-119,0.012
2026-03-08,2026-03-11T18:00:00-04:00,50,23,14,1,normal,broad early topic spark,normal,,103,73,89,175,109.5,14,True,0.6977,100-119,0.0123
2026-03-08,2026-03-12T09:00:00-04:00,56,14,14,1,normal,above-average observed count,normal,,103,72,86,144,93.69,17,True,0.8423,100-119,0.0238
2026-03-08,2026-03-12T12:00:00-04:00,58,10,14,1,normal,above-average observed count,normal,,103,73,77,146,89.63,26,True,0.8375,100-119,0.0187
2026-03-08,2026-03-12T15:00:00-04:00,58,8,14,1,normal,above-average observed count,normal,,103,73,77,145,88.63,26,True,0.8438,100-119,0.009
2026-03-08,2026-03-12T18:00:00-04:00,59,9,14,1,normal,above-average observed count,normal,,103,72,74,93,80.56,29,False,0.9277,100-119,0.0083
2026-03-01,2026-03-02T09:00:00-05:00,32,27,24,5,high_tail,low observed count; strong last-24h activity; large 6h burst; mechanical media/repost-heavy mix; broad early topic spark; forward election/primary calendar risk,elevated,broad early topic mix; media/repost mechanics already visible; forward election calendar,208,100,186,247,185.06,22,True,0.7023,200-220,0.151
2026-03-01,2026-03-02T12:00:00-05:00,32,20,24,5,high_tail,low observed count; large 6h burst; mechanical media/repost-heavy mix; broad early topic spark; forward election/primary calendar risk,elevated,broad early topic mix; media/repost mechanics already visible; forward election calendar,208,97,166,226,167.54,42,True,0.8403,200-220,0.0975
2026-03-01,2026-03-02T15:00:00-05:00,34,5,24,5,high_tail,low observed count; large 6h burst; mechanical media/repost-heavy mix; broad early topic spark; forward election/primary calendar risk,elevated,broad early topic mix; media/repost mechanics already visible; forward election calendar,208,100,161,230,166.58,47,True,0.8387,200-220,0.0777
2026-03-01,2026-03-02T18:00:00-05:00,46,14,24,5,high_tail,large 6h burst; mechanical media/repost-heavy mix; broad early topic spark; forward election/primary calendar risk,elevated,media/repost mechanics already visible; forward election calendar,208,115,171,233,176.38,37,True,0.7883,200-220,0.1215
2026-03-01,2026-03-03T09:00:00-05:00,66,34,24,6,high_tail,above-average observed count; strong last-24h activity; large 6h burst; mechanical media/repost-heavy mix; forward election/primary calendar risk,elevated,media/repost mechanics already visible; forward election calendar,208,137,175,239,184.66,33,True,0.7947,200-220,0.0988
2026-03-01,2026-03-03T12:00:00-05:00,67,35,24,6,high_tail,above-average observed count; strong last-24h activity; large 6h burst; mechanical media/repost-heavy mix; forward election/primary calendar risk,elevated,media/repost mechanics already visible; forward election calendar; already-high live pace,208,131,174,244,181.99,34,True,0.7973,200-220,0.0948
2026-03-01,2026-03-03T15:00:00-05:00,68,34,24,6,high_tail,above-average observed count; strong last-24h activity; large 6h burst; mechanical media/repost-heavy mix; forward election/primary calendar risk,elevated,media/repost mechanics already visible; forward election calendar,208,129,174,242,182.26,34,True,0.7943,200-220,0.1003
2026-03-01,2026-03-03T18:00:00-05:00,75,29,24,6,high_tail,above-average observed count; strong last-24h activity; large 6h burst; mechanical media/repost-heavy mix; forward election/primary calendar risk,elevated,media/repost mechanics already visible; forward election calendar,208,119,174,248,179.66,34,True,0.7768,200-220,0.102
2026-03-01,2026-03-04T09:00:00-05:00,125,59,47,3,high_tail,high observed count; strong last-24h activity; large 6h burst; mechanical media/repost-heavy mix; forward election/primary calendar risk,elevated,media/repost mechanics already visible; forward election calendar; already-high live pace,208,171,190,258,203.84,18,True,0.753,200-220,0.16
2026-03-01,2026-03-04T12:00:00-05:00,125,58,47,3,high_tail,high observed count; strong last-24h activity; large 6h burst; mechanical media/repost-heavy mix; forward election/primary calendar risk,elevated,media/repost mechanics already visible; forward election calendar; already-high live pace,208,170,188,247,199.23,20,True,0.788,200-220,0.1368
2026-03-01,2026-03-04T15:00:00-05:00,128,60,47,3,high_tail,high observed count; strong last-24h activity; large 6h burst; mechanical media/repost-heavy mix; forward election/primary calendar risk,elevated,media/repost mechanics already visible; forward election calendar; already-high live pace,208,175,191,241,200.79,17,True,0.7885,200-220,0.1638
2026-03-01,2026-03-04T18:00:00-05:00,132,57,47,3,high_tail,high observed count; strong last-24h activity; large 6h burst; mechanical media/repost-heavy mix; forward election/primary calendar risk,elevated,media/repost mechanics already visible; forward election calendar; already-high live pace,208,180,195,254,206.99,13,True,0.746,200-220,0.2137
2026-03-01,2026-03-05T09:00:00-05:00,137,12,47,3,high_tail,high observed count; large 6h burst; mechanical media/repost-heavy mix; forward election/primary calendar risk,elevated,media/repost mechanics already visible; forward election calendar; already-high live pace,208,173,186,234,197.44,22,True,0.8223,200-220,0.1
2026-03-01,2026-03-05T12:00:00-05:00,148,23,47,3,high_tail,high observed count; large 6h burst; mechanical media/repost-heavy mix; forward election/primary calendar risk,elevated,media/repost mechanics already visible; forward election calendar; already-high live pace,208,184,198,258,210.36,10,True,0.709,200-220,0.2617
2026-03-01,2026-03-05T15:00:00-05:00,160,32,47,3,high_tail,high observed count; strong last-24h activity; large 6h burst; mechanical media/repost-heavy mix; forward election/primary calendar risk,elevated,media/repost mechanics already visible; forward election calendar; already-high live pace,208,198,215,320,237.26,7,True,0.3455,200-220,0.4685
2026-03-01,2026-03-05T18:00:00-05:00,161,29,47,3,high_tail,high observed count; strong last-24h activity; large 6h burst; mechanical media/repost-heavy mix; forward election/primary calendar risk,elevated,media/repost mechanics already visible; forward election calendar; already-high live pace,208,197,209,300,226.58,1,True,0.499,200-220,0.5198
2026-02-22,2026-02-23T09:00:00-05:00,18,17,9,3,normal,low observed count; mechanical media/repost-heavy mix; forward election/primary calendar risk,elevated,broad early topic mix; media/repost mechanics already visible; forward election calendar,142,85,128,213,143.2,14,True,0.5523,140-159,0.097
2026-02-22,2026-02-23T12:00:00-05:00,25,20,16,3,normal,low observed count; mechanical media/repost-heavy mix; broad early topic spark; forward election/primary calendar risk,elevated,broad early topic mix; media/repost mechanics already visible; forward election calendar,142,85,156,215,151.17,14,True,0.4457,140-159,0.082
2026-02-22,2026-02-23T15:00:00-05:00,25,20,16,3,normal,low observed count; mechanical media/repost-heavy mix; broad early topic spark; forward election/primary calendar risk,elevated,broad early topic mix; media/repost mechanics already visible; forward election calendar,142,83,122,205,139.46,20,True,0.56,140-159,0.0783
2026-02-22,2026-02-23T18:00:00-05:00,30,24,16,3,normal,low observed count; broad early topic spark; forward election/primary calendar risk,elevated,broad early topic mix; media/repost mechanics already visible; forward election calendar,142,87,111,203,137.25,31,True,0.5873,140-159,0.0655
2026-02-22,2026-02-24T09:00:00-05:00,38,20,16,5,normal,mechanical media/repost-heavy mix; broad early topic spark; forward election/primary calendar risk,elevated,broad early topic mix; media/repost mechanics already visible; forward election calendar,142,92,128,219,147.34,14,True,0.5373,140-159,0.0785
2026-02-22,2026-02-24T12:00:00-05:00,38,13,16,5,normal,mechanical media/repost-heavy mix; broad early topic spark; forward election/primary calendar risk,elevated,broad early topic mix; media/repost mechanics already visible; forward election calendar,142,86,111,196,132.28,31,True,0.6132,140-159,0.0963
2026-02-22,2026-02-24T15:00:00-05:00,38,13,16,5,normal,mechanical media/repost-heavy mix; broad early topic spark; forward election/primary calendar risk,elevated,broad early topic mix; media/repost mechanics already visible; forward election calendar,142,86,106,194,129.39,36,True,0.6442,140-159,0.097
2026-02-22,2026-02-24T18:00:00-05:00,38,8,16,5,normal,mechanical media/repost-heavy mix; broad early topic spark; forward election/primary calendar risk,elevated,broad early topic mix; media/repost mechanics already visible; forward election calendar,142,85,106,195,128.94,36,True,0.6595,140-159,0.0835
2026-02-22,2026-02-25T09:00:00-05:00,38,0,16,5,normal,weak last-24h activity; mechanical media/repost-heavy mix; broad early topic spark; forward election/primary calendar risk,elevated,broad early topic mix; media/repost mechanics already visible; forward election calendar,142,85,97,187,117.48,45,True,0.7835,140-159,0.0517
2026-02-22,2026-02-25T12:00:00-05:00,38,0,16,5,normal,weak last-24h activity; mechanical media/repost-heavy mix; broad early topic spark; forward election/primary calendar risk,elevated,broad early topic mix; media/repost mechanics already visible; forward election calendar,142,84,97,182,116.72,45,True,0.7937,140-159,0.0522
2026-02-22,2026-02-25T15:00:00-05:00,46,8,16,5,normal,broad early topic spark; forward election/primary calendar risk,elevated,media/repost mechanics already visible; forward election calendar,142,82,103,189,120.91,39,True,0.755,140-159,0.0548
2026-02-22,2026-02-25T18:00:00-05:00,46,8,16,5,normal,broad early topic spark; forward election/primary calendar risk,elevated,media/repost mechanics already visible; forward election calendar,142,83,99,183,116.67,43,True,0.7965,140-159,0.0493
2026-02-22,2026-02-26T09:00:00-05:00,50,12,16,5,normal,broad early topic spark; forward election/primary calendar risk,elevated,media/repost mechanics already visible; forward election calendar,142,81,97,150,107.91,45,True,0.879,140-159,0.0575
2026-02-22,2026-02-26T12:00:00-05:00,51,13,16,5,normal,broad early topic spark; forward election/primary calendar risk,elevated,media/repost mechanics already visible; forward election calendar,142,83,95,145,103.74,47,True,0.894,140-159,0.051
2026-02-22,2026-02-26T15:00:00-05:00,52,6,16,5,normal,broad early topic spark; forward election/primary calendar risk,elevated,media/repost mechanics already visible; forward election calendar,142,75,87,149,101.04,55,True,0.8712,140-159,0.0712
2026-02-22,2026-02-26T18:00:00-05:00,52,6,16,5,normal,broad early topic spark; forward election/primary calendar risk,elevated,media/repost mechanics already visible; forward election calendar,142,76,86,131,95.98,56,False,0.9205,140-159,0.026
2026-02-15,2026-02-16T09:00:00-05:00,1,1,1,0,fade_risk,low observed count; weak last-24h activity; small 6h burst,normal,,146,65,85,150,91.67,61,True,0.8778,140-159,0.1288
2026-02-15,2026-02-16T12:00:00-05:00,2,1,1,0,fade_risk,low observed count; weak last-24h activity; small 6h burst,normal,,146,57,84,150,90.55,62,True,0.857,140-159,0.15
2026-02-15,2026-02-16T15:00:00-05:00,6,5,5,0,fade_risk,low observed count; small 6h burst,normal,,146,64,89,150,94.76,57,True,0.8515,140-159,0.152
2026-02-15,2026-02-16T18:00:00-05:00,7,6,6,0,fade_risk,low observed count; small 6h burst,normal,,146,65,86,116,89.12,60,False,0.9285,140-159,0.0762
2026-02-15,2026-02-17T09:00:00-05:00,53,52,45,3,high_tail,strong last-24h activity; large 6h burst; endorsement-heavy mix; broad early topic spark; forward election/primary calendar risk,elevated,endorsement signal; forward election calendar; already-high live pace,146,136,165,216,172.64,19,True,0.2127,140-159,0.2812
2026-02-15,2026-02-17T12:00:00-05:00,55,53,45,3,high_tail,above-average observed count; strong last-24h activity; large 6h burst; endorsement-heavy mix; forward election/primary calendar risk,elevated,endorsement signal; forward election calendar; already-high live pace,146,143,191,292,207.67,45,True,0.1227,140-159,0.189
2026-02-15,2026-02-17T15:00:00-05:00,70,64,45,3,high_tail,above-average observed count; strong last-24h activity; large 6h burst; endorsement-heavy mix; forward election/primary calendar risk,elevated,endorsement signal; forward election calendar; already-high live pace,146,158,217,313,229.01,71,False,0.0267,140-159,0.1045
2026-02-15,2026-02-17T18:00:00-05:00,78,71,45,3,high_tail,above-average observed count; strong last-24h activity; large 6h burst; endorsement-heavy mix; forward election/primary calendar risk,elevated,endorsement signal; forward election calendar; already-high live pace,146,136,192,307,210.88,46,True,0.157,140-159,0.1027
2026-02-15,2026-02-18T09:00:00-05:00,95,42,45,3,high_tail,high observed count; strong last-24h activity; large 6h burst; endorsement-heavy mix; forward election/primary calendar risk,high,endorsement signal; media/repost mechanics already visible; forward election calendar; already-high live pace,146,149,172,247,184.9,26,False,0.0765,140-159,0.2085
2026-02-15,2026-02-18T12:00:00-05:00,95,40,45,3,high_tail,high observed count; strong last-24h activity; large 6h burst; endorsement-heavy mix; forward election/primary calendar risk,high,endorsement signal; media/repost mechanics already visible; forward election calendar; already-high live pace,146,135,165,208,171.45,19,True,0.1757,140-159,0.2677
2026-02-15,2026-02-18T15:00:00-05:00,96,26,45,3,high_tail,high observed count; strong last-24h activity; large 6h burst; endorsement-heavy mix; forward election/primary calendar risk,high,endorsement signal; media/repost mechanics already visible; forward election calendar; already-high live pace,146,136,161,242,175.11,15,True,0.208,140-159,0.3443
2026-02-15,2026-02-18T18:00:00-05:00,98,20,45,3,high_tail,high observed count; large 6h burst; endorsement-heavy mix; forward election/primary calendar risk,high,endorsement signal; media/repost mechanics already visible; forward election calendar; already-high live pace,146,134,161,264,178.8,15,True,0.2175,140-159,0.3435
2026-02-15,2026-02-19T09:00:00-05:00,105,10,45,3,high_tail,high observed count; large 6h burst; endorsement-heavy mix; forward election/primary calendar risk,high,endorsement signal; media/repost mechanics already visible; forward election calendar; already-high live pace,146,146,170,208,178.12,24,True,0.1065,140-159,0.2853
2026-02-15,2026-02-19T12:00:00-05:00,105,10,45,3,high_tail,high observed count; large 6h burst; endorsement-heavy mix; forward election/primary calendar risk,high,endorsement signal; media/repost mechanics already visible; forward election calendar; already-high live pace,146,117,155,208,161.87,9,True,0.3142,140-159,0.3633
2026-02-15,2026-02-19T15:00:00-05:00,106,10,45,3,high_tail,high observed count; large 6h burst; endorsement-heavy mix; forward election/primary calendar risk,high,endorsement signal; media/repost mechanics already visible; forward election calendar; already-high live pace,146,118,149,205,156.25,3,True,0.4355,140-159,0.4522
2026-02-15,2026-02-19T18:00:00-05:00,107,9,45,3,high_tail,high observed count; large 6h burst; endorsement-heavy mix; forward election/primary calendar risk,high,endorsement signal; media/repost mechanics already visible; forward election calendar; already-high live pace,146,118,146,198,153.08,0,True,0.5042,140-159,0.4512
2026-02-08,2026-02-09T09:00:00-05:00,15,12,9,0,fade_risk,low observed count; broad early topic spark,normal,broad early topic mix,109,62,98,150,102.92,11,True,0.639,100-119,0.163
2026-02-08,2026-02-09T12:00:00-05:00,15,9,9,0,fade_risk,low observed count; broad early topic spark,normal,broad early topic mix,109,61,91,150,103.05,18,True,0.6212,100-119,0.0788
2026-02-08,2026-02-09T15:00:00-05:00,17,11,9,0,fade_risk,low observed count; broad early topic spark,normal,broad early topic mix,109,63,99,150,109.34,10,True,0.5413,100-119,0.0705
2026-02-08,2026-02-09T18:00:00-05:00,18,12,9,0,fade_risk,low observed count; broad early topic spark,normal,broad early topic mix,109,61,93,150,106.07,16,True,0.5837,100-119,0.067
2026-02-08,2026-02-10T09:00:00-05:00,33,18,15,0,fade_risk,low observed count; mechanical media/repost-heavy mix; broad early topic spark,elevated,broad early topic mix; media/repost mechanics already visible,109,66,79,150,98.01,30,True,0.673,100-119,0.051
2026-02-08,2026-02-10T12:00:00-05:00,33,18,15,0,fade_risk,low observed count; mechanical media/repost-heavy mix; broad early topic spark,elevated,broad early topic mix; media/repost mechanics already visible,109,63,69,150,86.91,40,True,0.7778,100-119,0.0372
2026-02-08,2026-02-10T15:00:00-05:00,34,17,15,0,fade_risk,low observed count; mechanical media/repost-heavy mix; broad early topic spark,elevated,broad early topic mix; media/repost mechanics already visible,109,64,70,150,84.59,39,True,0.8145,100-119,0.0318
2026-02-08,2026-02-10T18:00:00-05:00,34,16,15,0,fade_risk,low observed count; mechanical media/repost-heavy mix; broad early topic spark,elevated,broad early topic mix; media/repost mechanics already visible,109,61,67,122,77.61,42,True,0.89,100-119,0.0205
2026-02-08,2026-02-11T09:00:00-05:00,48,15,15,0,normal,mechanical media/repost-heavy mix; broad early topic spark,elevated,endorsement signal; media/repost mechanics already visible,109,69,81,110,87.16,28,True,0.8972,100-119,0.08
2026-02-08,2026-02-11T12:00:00-05:00,77,44,35,0,high_tail,above-average observed count; strong last-24h activity; large 6h burst; mechanical media/repost-heavy mix,elevated,endorsement signal; media/repost mechanics already visible; already-high live pace,109,116,133,232,153.9,24,False,0.0248,100-119,0.168
2026-02-08,2026-02-11T15:00:00-05:00,78,44,35,0,high_tail,above-average observed count; strong last-24h activity; large 6h burst; mechanical media/repost-heavy mix,elevated,endorsement signal; media/repost mechanics already visible; already-high live pace,109,115,131,233,152.61,22,False,0.0387,100-119,0.1903
2026-02-08,2026-02-11T18:00:00-05:00,79,45,35,0,high_tail,above-average observed count; strong last-24h activity; large 6h burst; mechanical media/repost-heavy mix,elevated,endorsement signal; media/repost mechanics already visible; already-high live pace,109,120,150,292,181.75,41,False,0.0325,100-119,0.0867
2026-02-08,2026-02-12T09:00:00-05:00,89,41,35,0,high_tail,high observed count; strong last-24h activity; large 6h burst; mechanical media/repost-heavy mix,elevated,endorsement signal; media/repost mechanics already visible; already-high live pace,109,125,178,224,175.39,69,False,0.0688,100-119,0.0698
2026-02-08,2026-02-12T12:00:00-05:00,97,20,35,0,high_tail,high observed count; large 6h burst; mechanical media/repost-heavy mix,elevated,endorsement signal; media/repost mechanics already visible; already-high live pace,109,112,144,219,158.75,35,False,0.0473,100-119,0.157
2026-02-08,2026-02-12T15:00:00-05:00,97,19,35,0,high_tail,high observed count; large 6h burst; mechanical media/repost-heavy mix,elevated,endorsement signal; media/repost mechanics already visible; already-high live pace,109,111,139,201,149.79,30,False,0.0563,100-119,0.1663
2026-02-08,2026-02-12T18:00:00-05:00,98,19,35,0,high_tail,high observed count; large 6h burst; mechanical media/repost-heavy mix,elevated,endorsement signal; media/repost mechanics already visible; already-high live pace,109,115,143,193,152.97,34,False,0.034,100-119,0.1135
2026-02-01,2026-02-02T09:00:00-05:00,33,27,23,1,high_tail,low observed count; strong last-24h activity; large 6h burst; mechanical media/repost-heavy mix; broad early topic spark; forward election/primary calendar risk,elevated,broad early topic mix; media/repost mechanics already visible; forward election calendar,210,92,171,233,167.94,39,True,0.8103,200-220,0.1155
2026-02-01,2026-02-02T12:00:00-05:00,44,32,23,1,high_tail,strong last-24h activity; large 6h burst; broad early topic spark; forward election/primary calendar risk,elevated,broad early topic mix; media/repost mechanics already visible; forward election calendar,210,102,155,228,160.23,55,True,0.826,200-220,0.1075
2026-02-01,2026-02-02T15:00:00-05:00,45,20,23,1,normal,large 6h burst; broad early topic spark; forward election/primary calendar risk,elevated,media/repost mechanics already visible; forward election calendar,210,103,126,210,149.0,84,True,0.903,200-220,0.0877
2026-02-01,2026-02-02T18:00:00-05:00,47,21,23,1,normal,large 6h burst; broad early topic spark; forward election/primary calendar risk,elevated,media/repost mechanics already visible; forward election calendar,210,105,127,210,150.95,83,True,0.903,200-220,0.0867
2026-02-01,2026-02-03T09:00:00-05:00,52,19,23,1,normal,large 6h burst; broad early topic spark; forward election/primary calendar risk,elevated,media/repost mechanics already visible; forward election calendar,210,107,141,272,160.63,69,True,0.863,200-220,0.0462
2026-02-01,2026-02-03T12:00:00-05:00,55,11,23,1,high_tail,above-average observed count; large 6h burst; forward election/primary calendar risk,normal,forward election calendar,210,99,146,204,149.45,64,False,0.9205,200-220,0.0643
2026-02-01,2026-02-03T15:00:00-05:00,55,10,23,1,high_tail,above-average observed count; large 6h burst; forward election/primary calendar risk,normal,forward election calendar,210,99,140,200,146.89,70,False,0.9293,200-220,0.0515
2026-02-01,2026-02-03T18:00:00-05:00,58,11,23,1,high_tail,above-average observed count; large 6h burst; forward election/primary calendar risk,normal,forward election calendar,210,95,145,203,146.69,65,False,0.92,200-220,0.05
2026-02-01,2026-02-04T09:00:00-05:00,60,8,23,1,high_tail,above-average observed count; large 6h burst; forward election/primary calendar risk,normal,forward election calendar,210,87,116,186,130.03,94,False,0.9393,200-220,0.023
2026-02-01,2026-02-04T12:00:00-05:00,61,6,23,1,high_tail,above-average observed count; large 6h burst; forward election/primary calendar risk,normal,forward election calendar,210,88,117,259,144.96,93,True,0.839,200-220,0.022
2026-02-01,2026-02-04T15:00:00-05:00,61,6,23,1,high_tail,above-average observed count; large 6h burst; forward election/primary calendar risk,normal,forward election calendar,210,86,114,247,139.81,96,True,0.862,200-220,0.013
2026-02-01,2026-02-04T18:00:00-05:00,61,3,23,1,high_tail,above-average observed count; weak last-24h activity; large 6h burst; forward election/primary calendar risk,normal,forward election calendar,210,87,109,206,130.95,101,False,0.9048,200-220,0.0168
2026-02-01,2026-02-05T09:00:00-05:00,99,39,23,1,high_tail,high observed count; strong last-24h activity; large 6h burst; forward election/primary calendar risk,high,endorsement signal; media/repost mechanics already visible; forward election calendar; already-high live pace,210,111,120,193,142.26,90,False,0.9367,200-220,0.0255
2026-02-01,2026-02-05T12:00:00-05:00,99,38,23,1,high_tail,high observed count; strong last-24h activity; large 6h burst; forward election/primary calendar risk,high,endorsement signal; media/repost mechanics already visible; forward election calendar; already-high live pace,210,110,141,264,160.05,69,True,0.8087,200-220,0.032
2026-02-01,2026-02-05T15:00:00-05:00,103,42,23,1,high_tail,high observed count; strong last-24h activity; large 6h burst; forward election/primary calendar risk,high,endorsement signal; media/repost mechanics already visible; forward election calendar; already-high live pace,210,114,141,241,156.7,69,True,0.8538,200-220,0.0522
2026-02-01,2026-02-05T18:00:00-05:00,104,43,23,1,high_tail,high observed count; strong last-24h activity; large 6h burst; forward election/primary calendar risk,high,endorsement signal; media/repost mechanics already visible; forward election calendar; already-high live pace,210,116,170,197,165.57,40,False,0.947,200-220,0.0408
2026-01-25,2026-01-26T09:00:00-05:00,11,10,6,2,fade_risk,low observed count; small 6h burst; broad early topic spark; forward election/primary calendar risk,elevated,broad early topic mix; forward election calendar,170,80,111,150,114.75,59,False,1.0,160-179,0.0
2026-01-25,2026-01-26T12:00:00-05:00,16,14,6,2,fade_risk,low observed count; small 6h burst; broad early topic spark; forward election/primary calendar risk,elevated,broad early topic mix; forward election calendar,170,84,117,150,117.85,53,False,1.0,160-179,0.0
2026-01-25,2026-01-26T15:00:00-05:00,19,13,9,2,normal,low observed count; broad early topic spark; forward election/primary calendar risk,elevated,broad early topic mix; forward election calendar,170,90,125,277,152.05,45,True,0.7295,160-179,0.0695
2026-01-25,2026-01-26T18:00:00-05:00,24,16,10,2,normal,low observed count; broad early topic spark; forward election/primary calendar risk,elevated,broad early topic mix; forward election calendar,170,89,124,276,150.88,46,True,0.7215,160-179,0.0767
2026-01-25,2026-01-27T09:00:00-05:00,26,15,10,2,normal,low observed count; broad early topic spark; forward election/primary calendar risk,elevated,broad early topic mix; forward election calendar,170,77,109,191,124.94,61,True,0.8552,160-179,0.066
2026-01-25,2026-01-27T12:00:00-05:00,26,10,10,2,normal,low observed count; broad early topic spark; forward election/primary calendar risk,elevated,broad early topic mix; forward election calendar,170,75,104,168,112.33,66,False,0.91,160-179,0.0625
2026-01-25,2026-01-27T15:00:00-05:00,28,9,10,2,normal,low observed count; broad early topic spark; forward election/primary calendar risk,elevated,broad early topic mix; forward election calendar,170,76,106,170,113.68,64,True,0.9022,160-179,0.0488
2026-01-25,2026-01-27T18:00:00-05:00,28,4,10,2,fade_risk,low observed count; weak last-24h activity; broad early topic spark; forward election/primary calendar risk,elevated,broad early topic mix; forward election calendar,170,76,92,142,97.91,78,False,1.0,160-179,0.0
2026-01-25,2026-01-28T09:00:00-05:00,42,16,11,2,normal,broad early topic spark with endorsements; forward election/primary calendar risk,elevated,broad early topic mix; endorsement signal; forward election calendar,170,74,97,175,109.25,73,True,0.8938,160-179,0.028
2026-01-25,2026-01-28T12:00:00-05:00,43,17,11,2,normal,broad early topic spark with endorsements; forward election/primary calendar risk,elevated,broad early topic mix; endorsement signal; forward election calendar,170,72,88,179,108.07,82,True,0.8842,160-179,0.0307
2026-01-25,2026-01-28T15:00:00-05:00,47,19,11,2,normal,broad early topic spark; forward election/primary calendar risk,elevated,endorsement signal; forward election calendar,170,76,97,177,114.91,73,True,0.889,160-179,0.0387
2026-01-25,2026-01-28T18:00:00-05:00,47,19,11,2,normal,broad early topic spark; forward election/primary calendar risk,elevated,endorsement signal; forward election calendar,170,76,100,165,114.42,70,False,0.9077,160-179,0.0283
2026-01-25,2026-01-29T09:00:00-05:00,133,91,57,2,high_tail,high observed count; strong last-24h activity; large 6h burst; mechanical media/repost-heavy mix; forward election/primary calendar risk,elevated,media/repost mechanics already visible; forward election calendar; already-high live pace,170,169,196,244,203.84,26,True,0.111,160-179,0.1618
2026-01-25,2026-01-29T12:00:00-05:00,136,93,57,2,high_tail,high observed count; strong last-24h activity; large 6h burst; mechanical media/repost-heavy mix; forward election/primary calendar risk,elevated,media/repost mechanics already visible; forward election calendar; already-high live pace,170,190,286,333,272.65,116,False,0.0065,160-179,0.0293
2026-01-25,2026-01-29T15:00:00-05:00,136,89,57,2,high_tail,high observed count; strong last-24h activity; large 6h burst; mechanical media/repost-heavy mix; forward election/primary calendar risk,elevated,media/repost mechanics already visible; forward election calendar; already-high live pace,170,188,286,328,274.71,116,False,0.0055,160-179,0.0457
2026-01-25,2026-01-29T18:00:00-05:00,136,89,57,2,high_tail,high observed count; strong last-24h activity; large 6h burst; mechanical media/repost-heavy mix; forward election/primary calendar risk,elevated,media/repost mechanics already visible; forward election calendar; already-high live pace,170,193,278,318,269.45,108,False,0.0045,160-179,0.0475
2026-01-18,2026-01-19T09:00:00-05:00,19,8,7,1,normal,low observed count; small 6h burst; endorsement-heavy mix; broad early topic spark with endorsements; forward election/primary calendar risk,elevated,broad early topic mix; endorsement signal; forward election calendar,291,86,117,186,128.09,174,False,1.0,>220,0.009
2026-01-18,2026-01-19T12:00:00-05:00,19,8,7,1,normal,low observed count; small 6h burst; endorsement-heavy mix; broad early topic spark with endorsements; forward election/primary calendar risk,elevated,broad early topic mix; endorsement signal; forward election calendar,291,82,116,183,125.19,175,False,1.0,>220,0.007
2026-01-18,2026-01-19T15:00:00-05:00,19,8,7,1,normal,low observed count; small 6h burst; endorsement-heavy mix; broad early topic spark with endorsements; forward election/primary calendar risk,elevated,broad early topic mix; endorsement signal; forward election calendar,291,82,118,180,126.06,173,False,1.0,>220,0.0055
2026-01-18,2026-01-19T18:00:00-05:00,25,14,7,1,fade_risk,low observed count; small 6h burst; broad early topic spark with endorsements; forward election/primary calendar risk,elevated,broad early topic mix; endorsement signal; forward election calendar,291,86,118,150,118.37,173,False,1.0,>220,0.0
2026-01-18,2026-01-20T09:00:00-05:00,40,21,11,1,normal,broad early topic spark; forward election/primary calendar risk,elevated,broad early topic mix; forward election calendar,291,92,133,192,139.36,158,False,1.0,>220,0.0143
2026-01-18,2026-01-20T12:00:00-05:00,72,53,32,1,high_tail,above-average observed count; strong last-24h activity; large 6h burst; mechanical media/repost-heavy mix; forward election/primary calendar risk,elevated,media/repost mechanics already visible; forward election calendar; already-high live pace,291,149,177,223,181.41,114,False,0.9988,>220,0.1108
2026-01-18,2026-01-20T15:00:00-05:00,72,53,32,1,high_tail,above-average observed count; strong last-24h activity; large 6h burst; mechanical media/repost-heavy mix; forward election/primary calendar risk,elevated,media/repost mechanics already visible; forward election calendar; already-high live pace,291,143,174,222,178.56,117,False,0.9995,>220,0.1047
2026-01-18,2026-01-20T18:00:00-05:00,72,47,32,1,high_tail,above-average observed count; strong last-24h activity; large 6h burst; mechanical media/repost-heavy mix; forward election/primary calendar risk,elevated,media/repost mechanics already visible; forward election calendar; already-high live pace,291,117,142,210,155.28,149,False,0.9995,>220,0.064
2026-01-18,2026-01-21T09:00:00-05:00,80,40,32,1,high_tail,high observed count; strong last-24h activity; large 6h burst; mechanical media/repost-heavy mix; forward election/primary calendar risk,elevated,media/repost mechanics already visible; forward election calendar; already-high live pace,291,120,135,191,146.71,156,False,0.9995,>220,0.0367
2026-01-18,2026-01-21T12:00:00-05:00,81,9,32,1,high_tail,high observed count; large 6h burst; mechanical media/repost-heavy mix; forward election/primary calendar risk,elevated,media/repost mechanics already visible; forward election calendar; already-high live pace,291,113,153,234,164.09,138,False,0.9962,>220,0.161
2026-01-18,2026-01-21T15:00:00-05:00,82,10,32,1,high_tail,high observed count; large 6h burst; mechanical media/repost-heavy mix; forward election/primary calendar risk,elevated,media/repost mechanics already visible; forward election calendar; already-high live pace,291,112,152,231,162.06,139,False,0.9968,>220,0.1462
2026-01-18,2026-01-21T18:00:00-05:00,84,12,32,1,high_tail,high observed count; large 6h burst; mechanical media/repost-heavy mix; forward election/primary calendar risk,elevated,media/repost mechanics already visible; forward election calendar; already-high live pace,291,117,134,196,146.33,157,False,0.9978,>220,0.0498
2026-01-18,2026-01-22T09:00:00-05:00,85,5,32,2,high_tail,high observed count; large 6h burst; mechanical media/repost-heavy mix; forward election/primary calendar risk,elevated,media/repost mechanics already visible; forward election calendar; already-high live pace,291,114,131,183,139.74,160,False,1.0,>220,0.0077
2026-01-18,2026-01-22T12:00:00-05:00,121,40,36,2,high_tail,high observed count; strong last-24h activity; large 6h burst; mechanical media/repost-heavy mix; forward election/primary calendar risk,elevated,media/repost mechanics already visible; forward election calendar; already-high live pace,291,153,175,239,188.18,116,False,0.999,>220,0.242
2026-01-18,2026-01-22T15:00:00-05:00,128,46,43,2,high_tail,high observed count; strong last-24h activity; large 6h burst; mechanical media/repost-heavy mix; forward election/primary calendar risk,elevated,media/repost mechanics already visible; forward election calendar; already-high live pace,291,159,175,236,187.35,116,False,0.999,>220,0.1905
2026-01-18,2026-01-22T18:00:00-05:00,137,53,49,2,high_tail,high observed count; strong last-24h activity; large 6h burst; mechanical media/repost-heavy mix; forward election/primary calendar risk,elevated,media/repost mechanics already visible; forward election calendar; already-high live pace,291,166,176,219,183.32,115,False,0.9995,>220,0.0907
2026-01-11,2026-01-12T09:00:00-05:00,21,13,17,0,fade_risk,low observed count,normal,media/repost mechanics already visible,69,95,113,150,117.59,44,False,0.0005,<80,0.008
2026-01-11,2026-01-12T12:00:00-05:00,22,5,17,0,fade_risk,low observed count,normal,media/repost mechanics already visible,69,88,116,150,118.87,47,False,0.0,<80,0.0165
2026-01-11,2026-01-12T15:00:00-05:00,23,6,17,0,fade_risk,low observed count,normal,,69,89,117,150,119.84,48,False,0.0003,<80,0.013
2026-01-11,2026-01-12T18:00:00-05:00,26,9,17,0,fade_risk,low observed count; broad early topic spark,normal,broad early topic mix,69,90,116,150,118.6,47,False,0.0,<80,0.0063
2026-01-11,2026-01-13T09:00:00-05:00,33,12,17,0,fade_risk,low observed count; broad early topic spark,normal,broad early topic mix,69,92,110,150,115.97,41,False,0.0,<80,0.0027
2026-01-11,2026-01-13T12:00:00-05:00,36,14,17,0,normal,broad early topic spark,normal,broad early topic mix,69,90,112,169,120.39,43,False,0.0,<80,0.013
2026-01-11,2026-01-13T15:00:00-05:00,36,13,17,0,normal,broad early topic spark,normal,broad early topic mix,69,89,109,150,113.98,40,False,0.0,<80,0.0158
2026-01-11,2026-01-13T18:00:00-05:00,38,12,17,0,normal,broad early topic spark,normal,broad early topic mix,69,91,112,146,116.28,43,False,0.0003,<80,0.017
2026-01-11,2026-01-14T09:00:00-05:00,46,13,17,0,normal,broad early topic spark,normal,,69,81,100,120,103.52,31,False,0.0,<80,0.0488
2026-01-11,2026-01-14T12:00:00-05:00,46,10,17,0,normal,broad early topic spark,normal,,69,80,87,169,101.86,18,False,0.0,<80,0.0932
2026-01-11,2026-01-14T15:00:00-05:00,46,10,17,0,normal,broad early topic spark,normal,,69,79,86,168,102.26,17,False,0.0,<80,0.1115
2026-01-11,2026-01-14T18:00:00-05:00,47,9,17,0,normal,broad early topic spark,normal,,69,80,88,165,102.92,19,False,0.0005,<80,0.076
2026-01-11,2026-01-15T09:00:00-05:00,52,6,17,0,normal,broad early topic spark,normal,,69,79,85,133,93.13,16,False,0.0018,<80,0.1325
2026-01-11,2026-01-15T12:00:00-05:00,53,7,17,0,normal,broad early topic spark,normal,,69,71,90,141,93.43,21,False,0.0405,<80,0.447
2026-01-11,2026-01-15T15:00:00-05:00,53,7,17,0,normal,broad early topic spark,normal,,69,71,92,139,93.59,23,False,0.038,<80,0.4243
2026-01-11,2026-01-15T18:00:00-05:00,54,7,17,0,normal,broad early topic spark,normal,,69,68,93,104,88.55,24,True,0.2198,<80,0.3685
2026-01-04,2026-01-05T09:00:00-05:00,90,90,89,0,high_tail,high observed count; strong last-24h activity; large 6h burst; mechanical media/repost-heavy mix,elevated,media/repost mechanics already visible; already-high live pace,172,189,220,278,228.29,48,False,0.026,160-179,0.0315
2026-01-04,2026-01-05T12:00:00-05:00,91,90,89,0,high_tail,high observed count; strong last-24h activity; large 6h burst; mechanical media/repost-heavy mix,elevated,media/repost mechanics already visible; already-high live pace,172,184,221,281,228.71,49,False,0.0638,160-179,0.043
2026-01-04,2026-01-05T15:00:00-05:00,93,92,89,0,high_tail,high observed count; strong last-24h activity; large 6h burst; mechanical media/repost-heavy mix,elevated,media/repost mechanics already visible; already-high live pace,172,198,229,276,235.62,57,False,0.0155,160-179,0.0112
2026-01-04,2026-01-05T18:00:00-05:00,97,96,89,0,high_tail,high observed count; strong last-24h activity; large 6h burst; mechanical media/repost-heavy mix,elevated,media/repost mechanics already visible; already-high live pace,172,192,222,270,228.49,50,False,0.0208,160-179,0.027
2026-01-04,2026-01-06T09:00:00-05:00,101,11,89,0,high_tail,high observed count; large 6h burst; mechanical media/repost-heavy mix,elevated,media/repost mechanics already visible; already-high live pace,172,172,206,260,212.91,34,True,0.1042,160-179,0.0823
2026-01-04,2026-01-06T12:00:00-05:00,101,10,89,0,high_tail,high observed count; large 6h burst; mechanical media/repost-heavy mix,elevated,media/repost mechanics already visible; already-high live pace,172,170,209,286,219.43,37,True,0.1092,160-179,0.073
2026-01-04,2026-01-06T15:00:00-05:00,102,9,89,0,high_tail,high observed count; large 6h burst; mechanical media/repost-heavy mix,elevated,media/repost mechanics already visible; already-high live pace,172,174,209,283,219.12,37,False,0.0922,160-179,0.0808
2026-01-04,2026-01-06T18:00:00-05:00,112,15,89,0,high_tail,high observed count; large 6h burst; mechanical media/repost-heavy mix,elevated,media/repost mechanics already visible; already-high live pace,172,187,215,280,224.63,43,False,0.0467,160-179,0.029
2026-01-04,2026-01-07T09:00:00-05:00,113,12,89,0,high_tail,high observed count; large 6h burst; mechanical media/repost-heavy mix,elevated,media/repost mechanics already visible; already-high live pace,172,164,187,279,203.17,15,True,0.211,160-179,0.2762
2026-01-04,2026-01-07T12:00:00-05:00,115,14,89,0,high_tail,high observed count; large 6h burst; mechanical media/repost-heavy mix,elevated,media/repost mechanics already visible; already-high live pace,172,152,191,326,217.42,19,True,0.237,160-179,0.2047
2026-01-04,2026-01-07T15:00:00-05:00,118,16,89,0,high_tail,high observed count; large 6h burst; mechanical media/repost-heavy mix,elevated,media/repost mechanics already visible; already-high live pace,172,154,187,319,211.62,15,True,0.29,160-179,0.263
2026-01-04,2026-01-07T18:00:00-05:00,122,10,89,0,high_tail,high observed count; large 6h burst; mechanical media/repost-heavy mix,elevated,media/repost mechanics already visible; already-high live pace,172,162,195,333,224.21,23,True,0.2228,160-179,0.251
2026-01-04,2026-01-08T09:00:00-05:00,125,12,89,0,high_tail,high observed count; large 6h burst; mechanical media/repost-heavy mix,elevated,media/repost mechanics already visible; already-high live pace,172,164,181,218,189.05,9,True,0.2765,160-179,0.4085
2026-01-04,2026-01-08T12:00:00-05:00,126,11,89,0,high_tail,high observed count; large 6h burst; mechanical media/repost-heavy mix,elevated,media/repost mechanics already visible; already-high live pace,172,138,177,223,181.58,5,True,0.4,160-179,0.3618
2026-01-04,2026-01-08T15:00:00-05:00,127,9,89,0,high_tail,high observed count; large 6h burst; mechanical media/repost-heavy mix,elevated,media/repost mechanics already visible; already-high live pace,172,139,175,227,181.7,3,True,0.4313,160-179,0.3905
2026-01-04,2026-01-08T18:00:00-05:00,129,7,89,0,high_tail,high observed count; large 6h burst; mechanical media/repost-heavy mix,elevated,media/repost mechanics already visible; already-high live pace,172,140,171,226,179.29,1,True,0.5262,160-179,0.4375
